instance_id,label,family
0,benign,B_0
1,benign,B_0
2,benign,B_1
3,malicious,M_0
4,benign,B_0
5,malicious,M_0
6,benign,B_0
7,benign,B_0
8,malicious,M_0
9,benign,B_0
10,benign,B_0
11,malicious,M_0
12,benign,B_0
13,malicious,M_0
14,benign,B_2
15,benign,B_0
16,benign,B_0
17,benign,B_0
18,benign,B_2
19,benign,B_1
20,benign,B_1
21,benign,B_0
22,malicious,M_0
23,benign,B_0
24,benign,B_0
25,benign,B_0
26,benign,B_0
27,benign,B_0
28,benign,B_0
29,benign,B_0
30,benign,B_0
31,benign,B_1
32,benign,B_0
33,benign,B_0
34,malicious,M_0
35,malicious,M_0
36,benign,B_0
37,benign,B_0
38,benign,B_0
39,benign,B_0
40,benign,B_0
41,benign,B_0
42,benign,B_1
43,malicious,M_0
44,benign,B_1
45,benign,B_1
46,benign,B_0
47,malicious,M_3
48,benign,B_0
49,benign,B_2
50,benign,B_0
51,benign,B_0
52,benign,B_2
53,benign,B_0
54,benign,B_0
55,malicious,M_0
56,benign,B_0
57,benign,B_2
58,benign,B_0
59,benign,B_0
60,benign,B_0
61,benign,B_0
62,benign,B_0
63,benign,B_2
64,benign,B_0
65,benign,B_0
66,malicious,M_0
67,benign,B_0
68,benign,B_0
69,benign,B_0
70,benign,B_1
71,benign,B_0
72,benign,B_0
73,benign,B_0
74,benign,B_0
75,malicious,M_0
76,benign,B_0
77,benign,B_0
78,benign,B_0
79,benign,B_0
80,malicious,M_0
81,malicious,M_0
82,benign,B_0
83,benign,B_0
84,benign,B_0
85,benign,B_0
86,benign,B_0
87,benign,B_0
88,benign,B_0
89,benign,B_0
90,benign,B_0
91,benign,B_0
92,malicious,M_0
93,benign,B_0
94,benign,B_0
95,malicious,M_0
96,malicious,M_0
97,benign,B_1
98,benign,B_0
99,benign,B_0
100,benign,B_0
101,benign,B_2
102,malicious,M_0
103,benign,B_0
104,benign,B_0
105,malicious,M_0
106,benign,B_0
107,malicious,M_0
108,benign,B_0
109,benign,B_0
110,benign,B_0
111,malicious,M_0
112,benign,B_0
113,benign,B_2
114,benign,B_0
115,benign,B_0
116,malicious,M_0
117,malicious,M_0
118,benign,B_0
119,benign,B_0
120,benign,B_2
121,benign,B_1
122,benign,B_0
123,benign,B_1
124,benign,B_1
125,malicious,M_0
126,malicious,M_0
127,benign,B_0
128,benign,B_0
129,malicious,M_0
130,benign,B_0
131,benign,B_0
132,malicious,M_0
133,benign,B_0
134,benign,B_0
135,malicious,M_0
136,benign,B_0
137,benign,B_0
138,benign,B_0
139,benign,B_0
140,benign,B_1
141,benign,B_1
142,benign,B_0
143,benign,B_0
144,benign,B_0
145,benign,B_0
146,benign,B_1
147,benign,B_0
148,benign,B_0
149,benign,B_0
150,benign,B_0
151,benign,B_0
152,malicious,M_0
153,benign,B_0
154,malicious,M_0
155,benign,B_0
156,benign,B_0
157,benign,B_1
158,benign,B_2
159,malicious,M_0
160,benign,B_0
161,benign,B_0
162,benign,B_0
163,benign,B_0
164,benign,B_0
165,benign,B_0
166,benign,B_1
167,benign,B_0
168,benign,B_0
169,benign,B_0
170,benign,B_0
171,benign,B_0
172,benign,B_1
173,malicious,M_0
174,benign,B_0
175,benign,B_0
176,malicious,M_0
177,benign,B_0
178,malicious,M_0
179,benign,B_0
180,benign,B_0
181,benign,B_0
182,benign,B_0
183,benign,B_0
184,benign,B_0
185,benign,B_0
186,benign,B_0
187,benign,B_0
188,malicious,M_0
189,benign,B_0
190,benign,B_1
191,benign,B_0
192,benign,B_0
193,benign,B_0
194,malicious,M_0
195,benign,B_1
196,malicious,M_1
197,benign,B_1
198,benign,B_0
199,benign,B_0
200,benign,B_0
201,benign,B_0
202,benign,B_0
203,benign,B_0
204,benign,B_0
205,benign,B_0
206,benign,B_0
207,benign,B_0
208,benign,B_0
209,benign,B_0
210,malicious,M_0
211,benign,B_0
212,benign,B_0
213,benign,B_1
214,benign,B_0
215,malicious,M_0
216,benign,B_0
217,benign,B_0
218,benign,B_1
219,benign,B_0
220,benign,B_0
221,benign,B_0
222,malicious,M_0
223,benign,B_0
224,malicious,M_0
225,benign,B_0
226,benign,B_0
227,malicious,M_1
228,benign,B_0
229,benign,B_2
230,malicious,M_0
231,benign,B_0
232,benign,B_0
233,benign,B_0
234,benign,B_2
235,benign,B_0
236,benign,B_0
237,benign,B_0
238,malicious,M_0
239,benign,B_0
240,benign,B_0
241,malicious,M_0
242,benign,B_0
243,malicious,M_0
244,benign,B_0
245,benign,B_1
246,malicious,M_0
247,malicious,M_1
248,benign,B_1
249,malicious,M_0
250,benign,B_0
251,benign,B_1
252,benign,B_0
253,benign,B_0
254,benign,B_0
255,benign,B_0
256,benign,B_0
257,benign,B_0
258,benign,B_0
259,malicious,M_0
260,benign,B_0
261,benign,B_0
262,benign,B_0
263,benign,B_0
264,benign,B_0
265,benign,B_0
266,malicious,M_0
267,benign,B_0
268,benign,B_1
269,malicious,M_0
270,benign,B_0
271,benign,B_0
272,benign,B_0
273,benign,B_0
274,benign,B_0
275,benign,B_0
276,benign,B_0
277,malicious,M_3
278,benign,B_1
279,benign,B_0
280,benign,B_0
281,benign,B_0
282,benign,B_0
283,benign,B_1
284,benign,B_2
285,benign,B_0
286,benign,B_1
287,benign,B_0
288,benign,B_0
289,benign,B_0
290,benign,B_1
291,benign,B_0
292,benign,B_0
293,benign,B_0
294,benign,B_0
295,benign,B_0
296,benign,B_1
297,benign,B_1
298,benign,B_0
299,benign,B_0
300,benign,B_0
301,benign,B_0
302,benign,B_1
303,malicious,M_0
304,benign,B_0
305,benign,B_0
306,benign,B_0
307,malicious,M_4
308,benign,B_0
309,benign,B_0
310,benign,B_1
311,benign,B_0
312,benign,B_2
313,benign,B_2
314,benign,B_0
315,benign,B_0
316,benign,B_0
317,malicious,M_0
318,malicious,M_0
319,benign,B_0
320,benign,B_0
321,benign,B_2
322,benign,B_0
323,benign,B_0
324,benign,B_5
325,benign,B_0
326,benign,B_0
327,benign,B_0
328,benign,B_0
329,benign,B_0
330,benign,B_0
331,benign,B_0
332,benign,B_0
333,malicious,M_0
334,benign,B_0
335,benign,B_0
336,benign,B_0
337,malicious,M_3
338,malicious,M_0
339,benign,B_0
340,benign,B_0
341,benign,B_1
342,benign,B_0
343,benign,B_0
344,benign,B_0
345,benign,B_0
346,benign,B_1
347,benign,B_1
348,benign,B_2
349,benign,B_0
350,benign,B_0
351,benign,B_0
352,benign,B_0
353,benign,B_0
354,benign,B_0
355,malicious,M_0
356,benign,B_0
357,benign,B_2
358,malicious,M_0
359,benign,B_0
360,benign,B_0
361,benign,B_1
362,benign,B_0
363,benign,B_0
364,benign,B_0
365,benign,B_0
366,malicious,M_0
367,benign,B_0
368,benign,B_1
369,benign,B_0
370,benign,B_0
371,benign,B_0
372,benign,B_0
373,malicious,M_0
374,malicious,M_0
375,benign,B_0
376,benign,B_0
377,benign,B_0
378,benign,B_0
379,benign,B_0
380,benign,B_0
381,malicious,M_0
382,benign,B_0
383,benign,B_0
384,benign,B_0
385,benign,B_0
386,benign,B_0
387,benign,B_0
388,benign,B_4
389,benign,B_0
390,benign,B_0
391,benign,B_0
392,benign,B_0
393,benign,B_0
394,benign,B_0
395,benign,B_0
396,benign,B_0
397,benign,B_0
398,benign,B_0
399,benign,B_0
400,benign,B_1
401,benign,B_1
402,benign,B_0
403,benign,B_2
404,benign,B_0
405,benign,B_0
406,benign,B_0
407,benign,B_1
408,benign,B_0
409,benign,B_0
410,benign,B_0
411,benign,B_0
412,benign,B_0
413,benign,B_0
414,benign,B_1
415,benign,B_0
416,benign,B_0
417,benign,B_0
418,benign,B_1
419,benign,B_0
420,benign,B_0
421,benign,B_0
422,benign,B_0
423,benign,B_1
424,malicious,M_0
425,benign,B_0
426,benign,B_1
427,benign,B_1
428,benign,B_0
429,benign,B_0
430,benign,B_0
431,benign,B_0
432,malicious,M_0
433,benign,B_0
434,benign,B_0
435,benign,B_0
436,benign,B_0
437,benign,B_0
438,benign,B_1
439,benign,B_0
440,benign,B_0
441,benign,B_0
442,benign,B_0
443,benign,B_0
444,benign,B_0
445,benign,B_0
446,benign,B_0
447,malicious,M_0
448,benign,B_0
449,benign,B_0
450,benign,B_0
451,benign,B_0
452,benign,B_10
453,benign,B_0
454,benign,B_0
455,benign,B_0
456,malicious,M_0
457,benign,B_1
458,malicious,M_0
459,benign,B_2
460,benign,B_0
461,malicious,M_0
462,benign,B_0
463,benign,B_0
464,benign,B_0
465,benign,B_0
466,benign,B_0
467,malicious,M_0
468,benign,B_0
469,benign,B_0
470,benign,B_2
471,malicious,M_0
472,benign,B_0
473,benign,B_0
474,benign,B_0
475,benign,B_0
476,benign,B_0
477,benign,B_0
478,benign,B_2
479,malicious,M_0
480,benign,B_0
481,benign,B_0
482,benign,B_1
483,benign,B_0
484,benign,B_0
485,malicious,M_0
486,malicious,M_0
487,benign,B_0
488,benign,B_1
489,benign,B_0
490,benign,B_1
491,benign,B_2
492,malicious,M_0
493,benign,B_0
494,benign,B_0
495,benign,B_0
496,benign,B_3
497,malicious,M_0
498,benign,B_0
499,malicious,M_0
500,benign,B_12
501,malicious,M_0
502,benign,B_0
503,benign,B_0
504,benign,B_1
505,benign,B_0
506,benign,B_0
507,malicious,M_0
508,benign,B_0
509,benign,B_0
510,malicious,M_0
511,benign,B_2
512,benign,B_0
513,malicious,M_0
514,benign,B_0
515,malicious,M_0
516,benign,B_0
517,benign,B_0
518,benign,B_2
519,malicious,M_1
520,benign,B_0
521,benign,B_0
522,benign,B_0
523,benign,B_0
524,malicious,M_0
525,benign,B_0
526,benign,B_0
527,benign,B_1
528,malicious,M_0
529,benign,B_0
530,benign,B_0
531,malicious,M_0
532,benign,B_1
533,benign,B_2
534,malicious,M_0
535,benign,B_0
536,malicious,M_0
537,benign,B_1
538,malicious,M_0
539,benign,B_0
540,benign,B_0
541,benign,B_0
542,benign,B_0
543,malicious,M_0
544,malicious,M_0
545,benign,B_1
546,benign,B_0
547,benign,B_2
548,benign,B_0
549,benign,B_1
550,benign,B_0
551,malicious,M_0
552,benign,B_0
553,benign,B_0
554,benign,B_0
555,benign,B_1
556,malicious,M_0
557,benign,B_0
558,malicious,M_0
559,benign,B_0
560,malicious,M_0
561,benign,B_2
562,malicious,M_0
563,malicious,M_0
564,benign,B_0
565,benign,B_1
566,benign,B_0
567,benign,B_0
568,benign,B_0
569,benign,B_0
570,benign,B_0
571,benign,B_0
572,benign,B_0
573,benign,B_0
574,benign,B_0
575,benign,B_0
576,malicious,M_0
577,benign,B_0
578,benign,B_0
579,benign,B_0
580,benign,B_0
581,benign,B_1
582,malicious,M_0
583,benign,B_0
584,benign,B_0
585,benign,B_0
586,benign,B_0
587,benign,B_2
588,benign,B_0
589,benign,B_0
590,benign,B_0
591,malicious,M_0
592,benign,B_0
593,benign,B_0
594,benign,B_1
595,benign,B_0
596,benign,B_0
597,benign,B_0
598,benign,B_0
599,benign,B_0
600,benign,B_0
601,benign,B_2
602,benign,B_1
603,benign,B_0
604,benign,B_1
605,benign,B_0
606,malicious,M_0
607,benign,B_1
608,benign,B_0
609,benign,B_0
610,benign,B_0
611,benign,B_0
612,benign,B_0
613,benign,B_0
614,benign,B_0
615,benign,B_0
616,benign,B_0
617,benign,B_0
618,benign,B_0
619,benign,B_0
620,benign,B_0
621,malicious,M_0
622,benign,B_0
623,benign,B_0
624,benign,B_0
625,malicious,M_0
626,benign,B_0
627,benign,B_1
628,malicious,M_0
629,benign,B_0
630,benign,B_0
631,benign,B_0
632,benign,B_0
633,benign,B_0
634,benign,B_0
635,benign,B_0
636,benign,B_0
637,benign,B_0
638,malicious,M_0
639,benign,B_0
640,benign,B_0
641,malicious,M_2
642,malicious,M_0
643,benign,B_0
644,benign,B_2
645,benign,B_0
646,benign,B_0
647,benign,B_0
648,benign,B_0
649,malicious,M_0
650,benign,B_0
651,benign,B_0
652,benign,B_0
653,benign,B_0
654,benign,B_1
655,benign,B_0
656,benign,B_0
657,benign,B_0
658,benign,B_1
659,benign,B_1
660,benign,B_0
661,malicious,M_0
662,benign,B_1
663,benign,B_0
664,benign,B_0
665,benign,B_0
666,benign,B_0
667,benign,B_0
668,benign,B_0
669,malicious,M_0
670,benign,B_0
671,benign,B_0
672,benign,B_0
673,malicious,M_0
674,benign,B_0
675,benign,B_0
676,malicious,M_0
677,benign,B_0
678,benign,B_0
679,benign,B_0
680,benign,B_0
681,benign,B_0
682,malicious,M_5
683,benign,B_0
684,benign,B_0
685,benign,B_2
686,benign,B_0
687,benign,B_3
688,benign,B_0
689,benign,B_1
690,malicious,M_0
691,benign,B_0
692,malicious,M_0
693,malicious,M_0
694,malicious,M_0
695,benign,B_0
696,benign,B_0
697,benign,B_2
698,benign,B_0
699,benign,B_0
700,malicious,M_0
701,benign,B_0
702,benign,B_0
703,malicious,M_0
704,malicious,M_0
705,benign,B_1
706,malicious,M_2
707,benign,B_0
708,malicious,M_0
709,benign,B_2
710,benign,B_0
711,benign,B_0
712,benign,B_0
713,benign,B_0
714,benign,B_1
715,benign,B_0
716,benign,B_0
717,benign,B_0
718,benign,B_0
719,benign,B_0
720,benign,B_0
721,malicious,M_0
722,malicious,M_0
723,malicious,M_2
724,benign,B_0
725,benign,B_2
726,benign,B_0
727,benign,B_0
728,benign,B_0
729,benign,B_0
730,benign,B_0
731,benign,B_0
732,benign,B_0
733,benign,B_0
734,benign,B_0
735,benign,B_0
736,benign,B_0
737,benign,B_0
738,benign,B_0
739,benign,B_0
740,benign,B_0
741,benign,B_0
742,benign,B_0
743,benign,B_1
744,malicious,M_0
745,benign,B_0
746,malicious,M_0
747,benign,B_0
748,benign,B_0
749,benign,B_0
750,malicious,M_0
751,malicious,M_0
752,benign,B_0
753,benign,B_1
754,benign,B_0
755,benign,B_1
756,benign,B_0
757,benign,B_0
758,benign,B_0
759,malicious,M_0
760,benign,B_0
761,malicious,M_2
762,benign,B_1
763,benign,B_0
764,benign,B_0
765,benign,B_0
766,benign,B_0
767,malicious,M_0
768,benign,B_0
769,benign,B_0
770,benign,B_0
771,benign,B_0
772,benign,B_0
773,benign,B_2
774,benign,B_0
775,benign,B_0
776,benign,B_2
777,malicious,M_0
778,benign,B_0
779,benign,B_2
780,benign,B_0
781,benign,B_0
782,benign,B_0
783,benign,B_0
784,benign,B_1
785,malicious,M_0
786,malicious,M_0
787,benign,B_0
788,benign,B_0
789,benign,B_0
790,benign,B_1
791,benign,B_0
792,benign,B_0
793,benign,B_0
794,malicious,M_0
795,benign,B_0
796,malicious,M_0
797,benign,B_0
798,malicious,M_0
799,benign,B_1
800,benign,B_0
801,benign,B_0
802,benign,B_0
803,benign,B_0
804,malicious,M_0
805,benign,B_0
806,benign,B_0
807,malicious,M_0
808,benign,B_0
809,benign,B_0
810,benign,B_0
811,benign,B_0
812,benign,B_0
813,benign,B_1
814,benign,B_0
815,benign,B_0
816,benign,B_0
817,malicious,M_0
818,benign,B_0
819,benign,B_0
820,benign,B_0
821,benign,B_0
822,benign,B_0
823,benign,B_0
824,benign,B_2
825,malicious,M_0
826,malicious,M_0
827,benign,B_1
828,benign,B_0
829,benign,B_0
830,benign,B_0
831,malicious,M_0
832,benign,B_0
833,benign,B_0
834,benign,B_0
835,benign,B_0
836,benign,B_0
837,malicious,M_0
838,benign,B_0
839,benign,B_0
840,benign,B_0
841,benign,B_0
842,benign,B_0
843,benign,B_0
844,benign,B_1
845,benign,B_0
846,benign,B_2
847,benign,B_0
848,benign,B_0
849,malicious,M_0
850,benign,B_0
851,benign,B_0
852,benign,B_0
853,benign,B_0
854,benign,B_0
855,benign,B_0
856,malicious,M_0
857,benign,B_0
858,malicious,M_0
859,benign,B_0
860,benign,B_1
861,malicious,M_0
862,benign,B_1
863,benign,B_0
864,malicious,M_0
865,benign,B_0
866,benign,B_0
867,benign,B_0
868,benign,B_0
869,malicious,M_0
870,benign,B_0
871,malicious,M_0
872,benign,B_0
873,benign,B_0
874,benign,B_0
875,benign,B_0
876,benign,B_0
877,benign,B_2
878,malicious,M_0
879,benign,B_0
880,malicious,M_0
881,benign,B_0
882,benign,B_0
883,benign,B_1
884,benign,B_1
885,benign,B_0
886,benign,B_1
887,benign,B_0
888,benign,B_0
889,malicious,M_0
890,benign,B_0
891,benign,B_0
892,benign,B_0
893,benign,B_0
894,benign,B_1
895,benign,B_0
896,benign,B_0
897,benign,B_0
898,benign,B_0
899,malicious,M_0
900,malicious,M_0
901,benign,B_1
902,benign,B_0
903,benign,B_1
904,benign,B_0
905,benign,B_0
906,benign,B_0
907,benign,B_0
908,malicious,M_0
909,benign,B_0
910,benign,B_1
911,benign,B_0
912,benign,B_0
913,benign,B_0
914,benign,B_0
915,benign,B_0
916,benign,B_0
917,benign,B_0
918,benign,B_1
919,benign,B_0
920,benign,B_0
921,benign,B_0
922,benign,B_0
923,benign,B_1
924,benign,B_0
925,benign,B_0
926,benign,B_1
927,benign,B_0
928,benign,B_0
929,malicious,M_0
930,benign,B_0
931,benign,B_0
932,benign,B_0
933,benign,B_0
934,benign,B_0
935,benign,B_0
936,benign,B_0
937,malicious,M_0
938,benign,B_0
939,benign,B_0
940,benign,B_0
941,benign,B_0
942,benign,B_0
943,benign,B_0
944,benign,B_0
945,malicious,M_0
946,benign,B_0
947,benign,B_0
948,malicious,M_0
949,benign,B_1
950,benign,B_0
951,benign,B_2
952,benign,B_0
953,benign,B_8
954,benign,B_0
955,benign,B_0
956,benign,B_0
957,benign,B_0
958,benign,B_0
959,benign,B_0
960,benign,B_0
961,benign,B_0
962,benign,B_0
963,benign,B_2
964,benign,B_0
965,benign,B_1
966,benign,B_1
967,malicious,M_0
968,malicious,M_0
969,benign,B_0
970,benign,B_0
971,benign,B_0
972,benign,B_0
973,benign,B_0
974,benign,B_0
975,benign,B_0
976,benign,B_1
977,benign,B_0
978,benign,B_0
979,benign,B_0
980,benign,B_0
981,malicious,M_0
982,benign,B_0
983,benign,B_0
984,benign,B_0
985,malicious,M_0
986,benign,B_2
987,benign,B_0
988,benign,B_0
989,benign,B_0
990,malicious,M_0
991,malicious,M_1
992,benign,B_1
993,benign,B_0
994,benign,B_0
995,benign,B_1
996,malicious,M_0
997,malicious,M_0
998,benign,B_0
999,malicious,M_0
1000,benign,B_0
1001,benign,B_0
1002,benign,B_0
1003,benign,B_0
1004,malicious,M_8
1005,malicious,M_0
1006,benign,B_0
1007,benign,B_0
1008,benign,B_0
1009,malicious,M_0
1010,benign,B_0
1011,benign,B_0
1012,benign,B_0
1013,benign,B_0
1014,benign,B_0
1015,benign,B_0
1016,benign,B_0
1017,benign,B_0
1018,benign,B_0
1019,benign,B_0
1020,benign,B_0
1021,benign,B_2
1022,benign,B_0
1023,benign,B_0
1024,benign,B_0
1025,benign,B_2
1026,benign,B_0
1027,malicious,M_0
1028,benign,B_0
1029,benign,B_0
1030,benign,B_0
1031,benign,B_0
1032,malicious,M_9
1033,benign,B_0
1034,benign,B_0
1035,malicious,M_0
1036,benign,B_1
1037,benign,B_1
1038,benign,B_0
1039,malicious,M_0
1040,benign,B_0
1041,benign,B_0
1042,benign,B_0
1043,malicious,M_0
1044,benign,B_0
1045,benign,B_1
1046,benign,B_0
1047,benign,B_0
1048,benign,B_2
1049,malicious,M_0
1050,malicious,M_0
1051,benign,B_0
1052,benign,B_1
1053,malicious,M_0
1054,benign,B_0
1055,benign,B_1
1056,malicious,M_0
1057,benign,B_0
1058,benign,B_0
1059,benign,B_0
1060,benign,B_0
1061,benign,B_0
1062,malicious,M_0
1063,benign,B_0
1064,benign,B_0
1065,benign,B_0
1066,benign,B_1
1067,benign,B_0
1068,benign,B_0
1069,benign,B_0
1070,malicious,M_0
1071,benign,B_0
1072,malicious,M_0
1073,benign,B_0
1074,benign,B_1
1075,benign,B_0
1076,benign,B_0
1077,benign,B_14
1078,malicious,M_0
1079,benign,B_0
1080,benign,B_2
1081,benign,B_0
1082,benign,B_0
1083,benign,B_1
1084,malicious,M_0
1085,benign,B_0
1086,benign,B_0
1087,malicious,M_0
1088,benign,B_0
1089,benign,B_0
1090,benign,B_0
1091,benign,B_1
1092,benign,B_0
1093,benign,B_1
1094,benign,B_0
1095,benign,B_0
1096,benign,B_0
1097,benign,B_0
1098,benign,B_0
1099,malicious,M_0
1100,benign,B_0
1101,benign,B_0
1102,benign,B_0
1103,malicious,M_0
1104,benign,B_0
1105,benign,B_0
1106,malicious,M_4
1107,benign,B_0
1108,malicious,M_0
1109,malicious,M_0
1110,benign,B_0
1111,benign,B_0
1112,benign,B_1
1113,benign,B_0
1114,benign,B_0
1115,benign,B_0
1116,benign,B_0
1117,benign,B_0
1118,benign,B_0
1119,malicious,M_0
1120,benign,B_0
1121,benign,B_0
1122,malicious,M_0
1123,benign,B_1
1124,malicious,M_0
1125,benign,B_0
1126,benign,B_0
1127,benign,B_0
1128,benign,B_0
1129,malicious,M_2
1130,benign,B_0
1131,benign,B_0
1132,benign,B_0
1133,benign,B_0
1134,benign,B_0
1135,benign,B_0
1136,malicious,M_0
1137,malicious,M_0
1138,malicious,M_0
1139,benign,B_0
1140,malicious,M_0
1141,benign,B_0
1142,benign,B_0
1143,benign,B_0
1144,benign,B_0
1145,benign,B_0
1146,benign,B_0
1147,benign,B_2
1148,benign,B_0
1149,benign,B_0
1150,malicious,M_0
1151,benign,B_0
1152,benign,B_0
1153,malicious,M_0
1154,benign,B_0
1155,benign,B_0
1156,benign,B_6
1157,benign,B_0
1158,benign,B_0
1159,benign,B_0
1160,benign,B_0
1161,benign,B_0
1162,benign,B_0
1163,benign,B_0
1164,benign,B_13
1165,benign,B_0
1166,benign,B_1
1167,benign,B_0
1168,benign,B_0
1169,benign,B_0
1170,benign,B_0
1171,benign,B_0
1172,benign,B_0
1173,benign,B_0
1174,benign,B_0
1175,benign,B_0
1176,benign,B_1
1177,benign,B_1
1178,benign,B_0
1179,benign,B_1
1180,benign,B_0
1181,benign,B_0
1182,malicious,M_0
1183,benign,B_0
1184,benign,B_0
1185,benign,B_0
1186,benign,B_0
1187,benign,B_0
1188,malicious,M_0
1189,benign,B_0
1190,malicious,M_0
1191,benign,B_0
1192,benign,B_0
1193,benign,B_0
1194,benign,B_0
1195,benign,B_0
1196,benign,B_0
1197,benign,B_1
1198,benign,B_0
1199,benign,B_0
1200,benign,B_0
1201,benign,B_0
1202,benign,B_1
1203,malicious,M_0
1204,benign,B_0
1205,benign,B_0
1206,benign,B_0
1207,benign,B_1
1208,benign,B_1
1209,benign,B_0
1210,benign,B_0
1211,benign,B_0
1212,benign,B_0
1213,benign,B_0
1214,benign,B_0
1215,benign,B_0
1216,benign,B_0
1217,benign,B_0
1218,benign,B_0
1219,malicious,M_0
1220,benign,B_0
1221,malicious,M_0
1222,benign,B_0
1223,benign,B_0
1224,benign,B_0
1225,malicious,M_0
1226,benign,B_0
1227,benign,B_0
1228,benign,B_0
1229,benign,B_1
1230,malicious,M_0
1231,malicious,M_0
1232,benign,B_0
1233,benign,B_0
1234,benign,B_0
1235,benign,B_0
1236,malicious,M_0
1237,malicious,M_0
1238,benign,B_0
1239,benign,B_0
1240,benign,B_0
1241,benign,B_1
1242,benign,B_0
1243,benign,B_0
1244,benign,B_0
1245,benign,B_0
1246,benign,B_0
1247,benign,B_0
1248,benign,B_0
1249,benign,B_0
1250,malicious,M_0
1251,benign,B_2
1252,benign,B_0
1253,benign,B_0
1254,benign,B_0
1255,benign,B_0
1256,benign,B_0
1257,benign,B_0
1258,benign,B_0
1259,benign,B_1
1260,benign,B_0
1261,benign,B_0
1262,benign,B_0
1263,malicious,M_0
1264,benign,B_0
1265,benign,B_2
1266,benign,B_0
1267,benign,B_0
1268,benign,B_0
1269,malicious,M_0
1270,benign,B_0
1271,benign,B_0
1272,benign,B_2
1273,benign,B_0
1274,benign,B_0
1275,benign,B_0
1276,benign,B_0
1277,benign,B_0
1278,malicious,M_0
1279,benign,B_0
1280,benign,B_0
1281,benign,B_0
1282,benign,B_0
1283,benign,B_0
1284,malicious,M_0
1285,malicious,M_0
1286,benign,B_0
1287,benign,B_0
1288,benign,B_0
1289,benign,B_0
1290,benign,B_0
1291,benign,B_0
1292,benign,B_0
1293,benign,B_0
1294,benign,B_0
1295,benign,B_0
1296,benign,B_0
1297,benign,B_0
1298,benign,B_0
1299,benign,B_0
1300,malicious,M_0
1301,benign,B_1
1302,benign,B_0
1303,malicious,M_0
1304,benign,B_0
1305,malicious,M_0
1306,benign,B_1
1307,benign,B_0
1308,benign,B_0
1309,benign,B_1
1310,benign,B_0
1311,benign,B_0
1312,malicious,M_0
1313,benign,B_2
1314,benign,B_7
1315,malicious,M_2
1316,benign,B_2
1317,malicious,M_0
1318,benign,B_4
1319,benign,B_0
1320,benign,B_0
1321,benign,B_1
1322,benign,B_0
1323,benign,B_0
1324,benign,B_0
1325,benign,B_0
1326,malicious,M_0
1327,benign,B_0
1328,benign,B_0
1329,benign,B_0
1330,benign,B_0
1331,benign,B_0
1332,benign,B_1
1333,benign,B_0
1334,benign,B_0
1335,benign,B_0
1336,benign,B_1
1337,benign,B_0
1338,benign,B_0
1339,benign,B_0
1340,malicious,M_0
1341,benign,B_0
1342,malicious,M_0
1343,benign,B_1
1344,benign,B_0
1345,benign,B_0
1346,malicious,M_0
1347,benign,B_2
1348,malicious,M_0
1349,benign,B_1
1350,benign,B_0
1351,benign,B_1
1352,benign,B_0
1353,benign,B_2
1354,benign,B_0
1355,malicious,M_0
1356,benign,B_0
1357,benign,B_0
1358,benign,B_0
1359,benign,B_0
1360,benign,B_0
1361,benign,B_0
1362,malicious,M_0
1363,benign,B_2
1364,benign,B_0
1365,benign,B_0
1366,benign,B_0
1367,benign,B_1
1368,malicious,M_0
1369,benign,B_0
1370,benign,B_0
1371,benign,B_2
1372,benign,B_0
1373,benign,B_0
1374,benign,B_0
1375,benign,B_1
1376,benign,B_0
1377,benign,B_0
1378,malicious,M_2
1379,malicious,M_0
1380,benign,B_0
1381,benign,B_0
1382,malicious,M_0
1383,benign,B_0
1384,malicious,M_0
1385,benign,B_1
1386,benign,B_0
1387,benign,B_0
1388,benign,B_0
1389,benign,B_1
1390,malicious,M_0
1391,benign,B_0
1392,benign,B_0
1393,benign,B_0
1394,benign,B_1
1395,benign,B_0
1396,benign,B_0
1397,benign,B_0
1398,benign,B_0
1399,benign,B_0
1400,benign,B_0
1401,benign,B_0
1402,benign,B_1
1403,benign,B_1
1404,benign,B_0
1405,malicious,M_0
1406,benign,B_0
1407,benign,B_0
1408,benign,B_1
1409,benign,B_0
1410,benign,B_0
1411,benign,B_0
1412,malicious,M_3
1413,malicious,M_0
1414,malicious,M_0
1415,benign,B_0
1416,benign,B_0
1417,benign,B_0
1418,benign,B_2
1419,benign,B_0
1420,benign,B_0
1421,benign,B_0
1422,benign,B_4
1423,benign,B_0
1424,benign,B_0
1425,benign,B_0
1426,malicious,M_0
1427,benign,B_1
1428,benign,B_1
1429,benign,B_0
1430,benign,B_0
1431,benign,B_0
1432,benign,B_0
1433,malicious,M_0
1434,malicious,M_0
1435,benign,B_1
1436,benign,B_0
1437,benign,B_1
1438,benign,B_0
1439,benign,B_0
1440,benign,B_1
1441,benign,B_0
1442,malicious,M_0
1443,benign,B_0
1444,benign,B_0
1445,benign,B_0
1446,benign,B_0
1447,benign,B_1
1448,benign,B_0
1449,benign,B_0
1450,benign,B_0
1451,benign,B_0
1452,benign,B_0
1453,benign,B_0
1454,benign,B_0
1455,benign,B_0
1456,benign,B_1
1457,benign,B_0
1458,benign,B_0
1459,benign,B_0
1460,benign,B_0
1461,benign,B_0
1462,benign,B_0
1463,benign,B_1
1464,benign,B_0
1465,benign,B_0
1466,benign,B_0
1467,benign,B_0
1468,benign,B_0
1469,benign,B_0
1470,benign,B_0
1471,malicious,M_0
1472,benign,B_1
1473,benign,B_0
1474,benign,B_0
1475,benign,B_0
1476,benign,B_0
1477,benign,B_0
1478,benign,B_0
1479,benign,B_0
1480,benign,B_0
1481,benign,B_0
1482,benign,B_0
1483,malicious,M_0
1484,malicious,M_0
1485,benign,B_1
1486,malicious,M_0
1487,benign,B_0
1488,benign,B_0
1489,malicious,M_0
1490,benign,B_0
1491,benign,B_0
1492,benign,B_0
1493,benign,B_8
1494,malicious,M_0
1495,benign,B_1
1496,benign,B_0
1497,benign,B_1
1498,benign,B_0
1499,benign,B_0
1500,malicious,M_0
1501,benign,B_0
1502,malicious,M_0
1503,benign,B_0
1504,benign,B_0
1505,benign,B_0
1506,benign,B_0
1507,malicious,M_0
1508,benign,B_0
1509,benign,B_0
1510,benign,B_0
1511,benign,B_0
1512,benign,B_6
1513,benign,B_0
1514,benign,B_0
1515,malicious,M_6
1516,benign,B_0
1517,benign,B_0
1518,benign,B_2
1519,benign,B_0
1520,malicious,M_0
1521,benign,B_1
1522,benign,B_0
1523,benign,B_0
1524,benign,B_1
1525,benign,B_0
1526,benign,B_1
1527,benign,B_0
1528,benign,B_0
1529,benign,B_0
1530,benign,B_0
1531,benign,B_0
1532,benign,B_0
1533,malicious,M_0
1534,malicious,M_0
1535,benign,B_0
1536,benign,B_2
1537,benign,B_0
1538,benign,B_2
1539,benign,B_0
1540,benign,B_5
1541,malicious,M_0
1542,malicious,M_0
1543,benign,B_0
1544,benign,B_0
1545,malicious,M_0
1546,malicious,M_0
1547,malicious,M_0
1548,benign,B_0
1549,malicious,M_0
1550,benign,B_0
1551,benign,B_0
1552,malicious,M_0
1553,benign,B_0
1554,benign,B_2
1555,benign,B_0
1556,benign,B_0
1557,benign,B_0
1558,benign,B_0
1559,benign,B_0
1560,benign,B_0
1561,malicious,M_0
1562,benign,B_0
1563,benign,B_0
1564,benign,B_0
1565,benign,B_0
1566,benign,B_0
1567,benign,B_0
1568,benign,B_0
1569,benign,B_0
1570,benign,B_0
1571,benign,B_11
1572,benign,B_0
1573,benign,B_0
1574,benign,B_0
1575,benign,B_0
1576,benign,B_0
1577,benign,B_0
1578,benign,B_0
1579,benign,B_1
1580,benign,B_0
1581,benign,B_0
1582,benign,B_0
1583,benign,B_0
1584,malicious,M_0
1585,benign,B_0
1586,benign,B_0
1587,benign,B_1
1588,benign,B_0
1589,benign,B_0
1590,benign,B_0
1591,benign,B_0
1592,malicious,M_0
1593,benign,B_0
1594,benign,B_0
1595,benign,B_0
1596,malicious,M_0
1597,benign,B_0
1598,benign,B_0
1599,benign,B_0
1600,benign,B_0
1601,benign,B_0
1602,benign,B_0
1603,benign,B_0
1604,benign,B_0
1605,benign,B_0
1606,benign,B_0
1607,benign,B_0
1608,benign,B_1
1609,benign,B_1
1610,benign,B_0
1611,benign,B_0
1612,benign,B_1
1613,benign,B_0
1614,benign,B_1
1615,benign,B_0
1616,benign,B_0
1617,benign,B_0
1618,malicious,M_0
1619,benign,B_0
1620,benign,B_0
1621,benign,B_0
1622,benign,B_0
1623,benign,B_0
1624,benign,B_0
1625,malicious,M_0
1626,malicious,M_0
1627,benign,B_0
1628,benign,B_1
1629,malicious,M_0
1630,benign,B_0
1631,benign,B_0
1632,benign,B_0
1633,benign,B_0
1634,benign,B_2
1635,benign,B_0
1636,benign,B_0
1637,benign,B_0
1638,benign,B_0
1639,benign,B_0
1640,benign,B_0
1641,malicious,M_5
1642,benign,B_0
1643,benign,B_0
1644,benign,B_1
1645,benign,B_0
1646,benign,B_0
1647,benign,B_1
1648,benign,B_0
1649,benign,B_0
1650,benign,B_0
1651,benign,B_0
1652,benign,B_0
1653,benign,B_0
1654,benign,B_2
1655,benign,B_2
1656,benign,B_0
1657,benign,B_0
1658,benign,B_0
1659,benign,B_0
1660,benign,B_2
1661,benign,B_1
1662,benign,B_0
1663,benign,B_0
1664,benign,B_0
1665,malicious,M_0
1666,benign,B_0
1667,benign,B_2
1668,malicious,M_0
1669,benign,B_1
1670,benign,B_0
1671,benign,B_2
1672,benign,B_0
1673,benign,B_0
1674,benign,B_0
1675,benign,B_0
1676,benign,B_0
1677,benign,B_0
1678,benign,B_0
1679,benign,B_0
1680,benign,B_0
1681,benign,B_0
1682,benign,B_1
1683,benign,B_0
1684,benign,B_0
1685,benign,B_0
1686,benign,B_0
1687,benign,B_0
1688,benign,B_0
1689,benign,B_1
1690,benign,B_0
1691,benign,B_0
1692,benign,B_1
1693,malicious,M_1
1694,benign,B_0
1695,benign,B_0
1696,benign,B_0
1697,benign,B_0
1698,benign,B_0
1699,benign,B_0
1700,benign,B_0
1701,benign,B_1
1702,benign,B_0
1703,benign,B_0
1704,benign,B_0
1705,benign,B_0
1706,benign,B_0
1707,benign,B_0
1708,malicious,M_0
1709,benign,B_0
1710,benign,B_0
1711,malicious,M_0
1712,malicious,M_0
1713,benign,B_0
1714,benign,B_0
1715,benign,B_0
1716,malicious,M_0
1717,benign,B_1
1718,benign,B_0
1719,malicious,M_0
1720,benign,B_0
1721,benign,B_0
1722,malicious,M_0
1723,benign,B_1
1724,benign,B_1
1725,benign,B_0
1726,benign,B_0
1727,benign,B_0
1728,benign,B_0
1729,benign,B_0
1730,benign,B_0
1731,benign,B_2
1732,malicious,M_0
1733,benign,B_0
1734,malicious,M_0
1735,benign,B_0
1736,malicious,M_0
1737,benign,B_0
1738,benign,B_0
1739,benign,B_9
1740,benign,B_0
1741,benign,B_0
1742,benign,B_0
1743,malicious,M_0
1744,benign,B_1
1745,benign,B_0
1746,benign,B_1
1747,benign,B_0
1748,malicious,M_0
1749,benign,B_0
1750,malicious,M_1
1751,benign,B_0
1752,benign,B_0
1753,benign,B_0
1754,malicious,M_0
1755,benign,B_0
1756,benign,B_0
1757,malicious,M_0
1758,benign,B_1
1759,benign,B_0
1760,benign,B_0
1761,benign,B_0
1762,benign,B_0
1763,benign,B_0
1764,benign,B_0
1765,benign,B_1
1766,benign,B_0
1767,benign,B_0
1768,benign,B_0
1769,benign,B_2
1770,benign,B_0
1771,malicious,M_3
1772,benign,B_1
1773,malicious,M_0
1774,benign,B_0
1775,benign,B_0
1776,benign,B_0
1777,benign,B_0
1778,benign,B_1
1779,benign,B_0
1780,benign,B_0
1781,benign,B_0
1782,benign,B_0
1783,benign,B_0
1784,benign,B_0
1785,benign,B_0
1786,malicious,M_0
1787,benign,B_0
1788,malicious,M_0
1789,benign,B_0
1790,benign,B_2
1791,benign,B_0
1792,benign,B_0
1793,benign,B_1
1794,benign,B_0
1795,benign,B_0
1796,benign,B_0
1797,benign,B_0
1798,benign,B_0
1799,benign,B_1
1800,benign,B_0
1801,benign,B_1
1802,benign,B_0
1803,benign,B_1
1804,benign,B_0
1805,benign,B_0
1806,malicious,M_0
1807,benign,B_0
1808,benign,B_1
1809,benign,B_0
1810,benign,B_0
1811,benign,B_0
1812,benign,B_0
1813,benign,B_0
1814,benign,B_1
1815,benign,B_0
1816,benign,B_0
1817,benign,B_0
1818,malicious,M_2
1819,benign,B_0
1820,benign,B_0
1821,benign,B_0
1822,benign,B_0
1823,benign,B_0
1824,benign,B_0
1825,benign,B_0
1826,malicious,M_0
1827,benign,B_0
1828,malicious,M_0
1829,benign,B_0
1830,benign,B_0
1831,benign,B_0
1832,benign,B_0
1833,benign,B_0
1834,benign,B_1
1835,malicious,M_0
1836,benign,B_0
1837,benign,B_0
1838,benign,B_0
1839,benign,B_0
1840,benign,B_0
1841,benign,B_0
1842,benign,B_1
1843,benign,B_0
1844,benign,B_0
1845,benign,B_0
1846,benign,B_1
1847,benign,B_0
1848,benign,B_0
1849,malicious,M_0
1850,benign,B_0
1851,benign,B_0
1852,malicious,M_0
1853,benign,B_0
1854,benign,B_0
1855,malicious,M_0
1856,malicious,M_0
1857,benign,B_0
1858,benign,B_0
1859,malicious,M_0
1860,benign,B_0
1861,benign,B_0
1862,benign,B_1
1863,benign,B_0
1864,benign,B_0
1865,benign,B_0
1866,benign,B_0
1867,benign,B_1
1868,malicious,M_0
1869,benign,B_0
1870,benign,B_0
1871,benign,B_0
1872,benign,B_0
1873,benign,B_0
1874,benign,B_1
1875,benign,B_0
1876,benign,B_0
1877,benign,B_0
1878,benign,B_0
1879,benign,B_2
1880,malicious,M_0
1881,benign,B_0
1882,malicious,M_0
1883,benign,B_0
1884,benign,B_0
1885,malicious,M_0
1886,benign,B_0
1887,benign,B_0
1888,benign,B_0
1889,malicious,M_0
1890,benign,B_0
1891,malicious,M_0
1892,benign,B_0
1893,benign,B_0
1894,benign,B_0
1895,malicious,M_0
1896,benign,B_0
1897,malicious,M_0
1898,benign,B_0
1899,benign,B_0
1900,benign,B_0
1901,benign,B_0
1902,benign,B_0
1903,malicious,M_0
1904,malicious,M_0
1905,benign,B_0
1906,benign,B_1
1907,benign,B_0
1908,benign,B_0
1909,malicious,M_0
1910,benign,B_0
1911,benign,B_0
1912,malicious,M_0
1913,benign,B_0
1914,benign,B_0
1915,benign,B_0
1916,benign,B_0
1917,benign,B_2
1918,benign,B_0
1919,malicious,M_0
1920,benign,B_1
1921,benign,B_0
1922,benign,B_0
1923,benign,B_0
1924,benign,B_1
1925,malicious,M_2
1926,benign,B_0
1927,benign,B_0
1928,benign,B_0
1929,benign,B_1
1930,benign,B_0
1931,benign,B_0
1932,benign,B_0
1933,benign,B_0
1934,malicious,M_0
1935,benign,B_0
1936,benign,B_0
1937,benign,B_0
1938,malicious,M_0
1939,benign,B_0
1940,benign,B_0
1941,malicious,M_0
1942,benign,B_0
1943,benign,B_0
1944,benign,B_0
1945,benign,B_0
1946,benign,B_1
1947,benign,B_1
1948,benign,B_0
1949,benign,B_0
1950,benign,B_0
1951,malicious,M_0
1952,benign,B_0
1953,benign,B_1
1954,benign,B_0
1955,benign,B_1
1956,benign,B_0
1957,benign,B_2
1958,benign,B_0
1959,malicious,M_0
1960,benign,B_0
1961,benign,B_0
1962,benign,B_0
1963,benign,B_0
1964,benign,B_0
1965,benign,B_0
1966,benign,B_0
1967,benign,B_0
1968,benign,B_0
1969,benign,B_1
1970,benign,B_0
1971,benign,B_0
1972,benign,B_0
1973,benign,B_0
1974,benign,B_1
1975,benign,B_0
1976,benign,B_0
1977,benign,B_0
1978,benign,B_0
1979,malicious,M_0
1980,benign,B_0
1981,benign,B_0
1982,benign,B_0
1983,benign,B_0
1984,benign,B_0
1985,malicious,M_0
1986,benign,B_0
1987,benign,B_0
1988,benign,B_1
1989,benign,B_0
1990,benign,B_0
1991,malicious,M_0
1992,malicious,M_0
1993,benign,B_1
1994,benign,B_0
1995,benign,B_0
1996,benign,B_0
1997,malicious,M_0
1998,benign,B_0
1999,benign,B_0
2000,benign,B_0
2001,malicious,M_0
2002,benign,B_0
2003,malicious,M_0
2004,benign,B_0
2005,benign,B_0
2006,benign,B_0
2007,malicious,M_0
2008,benign,B_0
2009,benign,B_0
2010,benign,B_1
2011,malicious,M_1
2012,benign,B_0
2013,malicious,M_0
2014,benign,B_0
2015,benign,B_0
2016,benign,B_0
2017,benign,B_0
2018,benign,B_0
2019,benign,B_0
2020,benign,B_0
2021,benign,B_0
2022,benign,B_0
2023,benign,B_0
2024,benign,B_3
2025,benign,B_0
2026,benign,B_0
2027,benign,B_2
2028,malicious,M_0
2029,malicious,M_0
2030,benign,B_0
2031,benign,B_2
2032,benign,B_0
2033,benign,B_1
2034,benign,B_0
2035,malicious,M_0
2036,benign,B_0
2037,benign,B_0
2038,benign,B_0
2039,benign,B_0
2040,malicious,M_0
2041,benign,B_1
2042,benign,B_0
2043,benign,B_1
2044,benign,B_0
2045,benign,B_0
2046,benign,B_2
2047,benign,B_0
2048,benign,B_0
2049,benign,B_0
2050,benign,B_0
2051,benign,B_0
2052,benign,B_0
2053,malicious,M_0
2054,benign,B_0
2055,benign,B_0
2056,benign,B_0
2057,benign,B_0
2058,benign,B_0
2059,malicious,M_0
2060,malicious,M_0
2061,benign,B_0
2062,benign,B_1
2063,malicious,M_0
2064,benign,B_0
2065,benign,B_7
2066,benign,B_0
2067,benign,B_0
2068,malicious,M_1
2069,malicious,M_0
2070,benign,B_0
2071,benign,B_1
2072,benign,B_0
2073,benign,B_1
2074,benign,B_1
2075,benign,B_0
2076,benign,B_1
2077,benign,B_4
2078,benign,B_0
2079,benign,B_0
2080,benign,B_0
2081,benign,B_0
2082,malicious,M_0
2083,malicious,M_0
2084,benign,B_0
2085,benign,B_0
2086,benign,B_0
2087,malicious,M_0
2088,malicious,M_0
2089,benign,B_0
2090,benign,B_0
2091,benign,B_0
2092,benign,B_0
2093,benign,B_0
2094,benign,B_0
2095,benign,B_0
2096,benign,B_0
2097,benign,B_0
2098,benign,B_0
2099,benign,B_0
2100,benign,B_0
2101,malicious,M_0
2102,benign,B_0
2103,benign,B_0
2104,benign,B_0
2105,benign,B_0
2106,benign,B_0
2107,benign,B_0
2108,benign,B_0
2109,benign,B_0
2110,benign,B_0
2111,benign,B_2
2112,benign,B_0
2113,benign,B_0
2114,benign,B_2
2115,benign,B_0
2116,benign,B_0
2117,benign,B_0
2118,benign,B_0
2119,malicious,M_0
2120,benign,B_0
2121,benign,B_0
2122,malicious,M_0
2123,benign,B_0
2124,benign,B_0
2125,benign,B_0
2126,benign,B_1
2127,benign,B_0
2128,malicious,M_0
2129,benign,B_0
2130,benign,B_1
2131,benign,B_0
2132,benign,B_0
2133,benign,B_0
2134,benign,B_1
2135,benign,B_0
2136,benign,B_0
2137,benign,B_1
2138,benign,B_0
2139,benign,B_0
2140,benign,B_0
2141,benign,B_0
2142,benign,B_1
2143,benign,B_0
2144,benign,B_0
2145,malicious,M_0
2146,benign,B_0
2147,benign,B_0
2148,benign,B_0
2149,benign,B_0
2150,benign,B_1
2151,benign,B_0
2152,benign,B_0
2153,benign,B_0
2154,benign,B_0
2155,benign,B_0
2156,benign,B_0
2157,malicious,M_0
2158,benign,B_1
2159,benign,B_0
2160,benign,B_0
2161,benign,B_0
2162,benign,B_0
2163,benign,B_0
2164,benign,B_0
2165,benign,B_0
2166,benign,B_0
2167,benign,B_0
2168,benign,B_0
2169,benign,B_0
2170,benign,B_0
2171,malicious,M_0
2172,malicious,M_0
2173,benign,B_0
2174,benign,B_0
2175,benign,B_0
2176,benign,B_0
2177,benign,B_0
2178,benign,B_0
2179,benign,B_0
2180,benign,B_0
2181,benign,B_0
2182,benign,B_0
2183,benign,B_0
2184,malicious,M_0
2185,malicious,M_0
2186,benign,B_0
2187,benign,B_1
2188,benign,B_1
2189,benign,B_0
2190,benign,B_0
2191,benign,B_0
2192,malicious,M_0
2193,benign,B_0
2194,benign,B_0
2195,benign,B_0
2196,benign,B_0
2197,benign,B_0
2198,benign,B_0
2199,benign,B_1
2200,malicious,M_0
2201,benign,B_0
2202,malicious,M_0
2203,malicious,M_0
2204,benign,B_0
2205,benign,B_0
2206,malicious,M_0
2207,malicious,M_0
2208,benign,B_0
2209,benign,B_0
2210,benign,B_0
2211,malicious,M_0
2212,benign,B_1
2213,malicious,M_0
2214,benign,B_0
2215,benign,B_0
2216,malicious,M_0
2217,benign,B_0
2218,benign,B_0
2219,malicious,M_0
2220,benign,B_0
2221,benign,B_0
2222,benign,B_0
2223,malicious,M_0
2224,benign,B_0
2225,benign,B_0
2226,benign,B_0
2227,benign,B_0
2228,benign,B_0
2229,benign,B_0
2230,benign,B_0
2231,benign,B_0
2232,benign,B_0
2233,benign,B_0
2234,benign,B_0
2235,benign,B_0
2236,benign,B_2
2237,benign,B_0
2238,benign,B_0
2239,malicious,M_0
2240,benign,B_1
2241,benign,B_0
2242,benign,B_2
2243,benign,B_0
2244,malicious,M_0
2245,benign,B_0
2246,benign,B_1
2247,benign,B_0
2248,malicious,M_0
2249,benign,B_1
2250,benign,B_0
2251,benign,B_0
2252,benign,B_0
2253,benign,B_3
2254,benign,B_0
2255,benign,B_1
2256,benign,B_0
2257,benign,B_0
2258,benign,B_0
2259,benign,B_0
2260,benign,B_0
2261,benign,B_1
2262,benign,B_0
2263,benign,B_1
2264,malicious,M_0
2265,benign,B_0
2266,benign,B_0
2267,benign,B_0
2268,benign,B_0
2269,benign,B_6
2270,benign,B_0
2271,benign,B_0
2272,benign,B_1
2273,benign,B_1
2274,malicious,M_0
2275,benign,B_0
2276,benign,B_0
2277,benign,B_0
2278,benign,B_0
2279,benign,B_0
2280,benign,B_0
2281,benign,B_0
2282,benign,B_0
2283,benign,B_0
2284,malicious,M_0
2285,benign,B_1
2286,benign,B_0
2287,benign,B_0
2288,benign,B_5
2289,benign,B_0
2290,benign,B_0
2291,benign,B_0
2292,benign,B_0
2293,malicious,M_0
2294,benign,B_0
2295,malicious,M_0
2296,malicious,M_0
2297,benign,B_0
2298,benign,B_1
2299,benign,B_0
2300,benign,B_0
2301,benign,B_0
2302,benign,B_0
2303,benign,B_0
2304,benign,B_0
2305,malicious,M_0
2306,benign,B_0
2307,malicious,M_0
2308,benign,B_0
2309,benign,B_0
2310,benign,B_0
2311,benign,B_1
2312,malicious,M_0
2313,benign,B_0
2314,malicious,M_3
2315,benign,B_0
2316,benign,B_0
2317,benign,B_0
2318,malicious,M_0
2319,benign,B_0
2320,benign,B_0
2321,benign,B_0
2322,benign,B_0
2323,benign,B_0
2324,benign,B_0
2325,benign,B_0
2326,benign,B_0
2327,benign,B_0
2328,benign,B_0
2329,benign,B_1
2330,benign,B_2
2331,benign,B_0
2332,malicious,M_0
2333,benign,B_0
2334,benign,B_0
2335,benign,B_0
2336,benign,B_0
2337,benign,B_0
2338,benign,B_0
2339,benign,B_0
2340,benign,B_0
2341,benign,B_0
2342,benign,B_0
2343,benign,B_0
2344,benign,B_1
2345,benign,B_0
2346,benign,B_0
2347,benign,B_0
2348,benign,B_0
2349,malicious,M_0
2350,malicious,M_0
2351,benign,B_0
2352,benign,B_0
2353,benign,B_0
2354,malicious,M_0
2355,malicious,M_0
2356,benign,B_0
2357,benign,B_2
2358,benign,B_0
2359,benign,B_0
2360,benign,B_0
2361,benign,B_0
2362,benign,B_0
2363,benign,B_0
2364,benign,B_0
2365,benign,B_1
2366,benign,B_1
2367,benign,B_0
2368,benign,B_0
2369,benign,B_0
2370,benign,B_0
2371,benign,B_0
2372,benign,B_0
2373,malicious,M_3
2374,malicious,M_0
2375,benign,B_0
2376,benign,B_0
2377,benign,B_1
2378,benign,B_0
2379,benign,B_0
2380,benign,B_0
2381,benign,B_0
2382,benign,B_0
2383,malicious,M_0
2384,benign,B_0
2385,benign,B_0
2386,benign,B_0
2387,benign,B_2
2388,malicious,M_0
2389,benign,B_0
2390,malicious,M_0
2391,benign,B_0
2392,malicious,M_0
2393,malicious,M_0
2394,benign,B_1
2395,benign,B_0
2396,benign,B_1
2397,benign,B_0
2398,benign,B_0
2399,benign,B_3
2400,benign,B_0
2401,malicious,M_0
2402,benign,B_0
2403,benign,B_0
2404,benign,B_0
2405,benign,B_0
2406,benign,B_0
2407,benign,B_1
2408,benign,B_1
2409,benign,B_0
2410,benign,B_1
2411,benign,B_0
2412,malicious,M_0
2413,benign,B_0
2414,benign,B_0
2415,benign,B_2
2416,benign,B_0
2417,benign,B_0
2418,benign,B_0
2419,benign,B_0
2420,benign,B_0
2421,malicious,M_0
2422,benign,B_0
2423,benign,B_0
2424,benign,B_0
2425,benign,B_0
2426,benign,B_0
2427,benign,B_2
2428,benign,B_0
2429,benign,B_0
2430,benign,B_0
2431,benign,B_0
2432,benign,B_0
2433,benign,B_0
2434,benign,B_1
2435,malicious,M_0
2436,benign,B_0
2437,benign,B_0
2438,benign,B_0
2439,malicious,M_0
2440,benign,B_0
2441,benign,B_0
2442,benign,B_1
2443,benign,B_0
2444,benign,B_0
2445,benign,B_0
2446,malicious,M_0
2447,benign,B_0
2448,benign,B_0
2449,benign,B_2
2450,benign,B_0
2451,benign,B_0
2452,benign,B_0
2453,malicious,M_0
2454,benign,B_0
2455,benign,B_0
2456,benign,B_0
2457,benign,B_0
2458,malicious,M_0
2459,benign,B_0
2460,benign,B_0
2461,benign,B_0
2462,benign,B_0
2463,benign,B_0
2464,benign,B_0
2465,benign,B_0
2466,benign,B_0
2467,benign,B_1
2468,malicious,M_3
2469,benign,B_0
2470,malicious,M_0
2471,benign,B_0
2472,benign,B_0
2473,benign,B_0
2474,benign,B_1
2475,benign,B_0
2476,benign,B_0
2477,malicious,M_0
2478,benign,B_0
2479,benign,B_0
2480,benign,B_0
2481,benign,B_0
2482,benign,B_0
2483,benign,B_0
2484,benign,B_0
2485,benign,B_0
2486,benign,B_0
2487,benign,B_0
2488,benign,B_1
2489,benign,B_2
2490,benign,B_1
2491,benign,B_2
2492,malicious,M_0
2493,benign,B_0
2494,malicious,M_0
2495,benign,B_0
2496,benign,B_0
2497,benign,B_0
2498,malicious,M_0
2499,benign,B_0
2500,benign,B_1
2501,benign,B_0
2502,benign,B_0
2503,benign,B_0
2504,benign,B_1
2505,malicious,M_0
2506,benign,B_0
2507,benign,B_0
2508,benign,B_0
2509,benign,B_0
2510,benign,B_0
2511,benign,B_1
2512,benign,B_2
2513,benign,B_0
2514,benign,B_0
2515,benign,B_0
2516,benign,B_0
2517,benign,B_0
2518,benign,B_0
2519,benign,B_0
2520,benign,B_0
2521,benign,B_0
2522,benign,B_0
2523,benign,B_0
2524,benign,B_0
2525,benign,B_0
2526,benign,B_0
2527,benign,B_0
2528,benign,B_0
2529,benign,B_0
2530,malicious,M_0
2531,malicious,M_0
2532,malicious,M_0
2533,benign,B_0
2534,benign,B_3
2535,benign,B_1
2536,benign,B_0
2537,benign,B_1
2538,malicious,M_0
2539,benign,B_0
2540,benign,B_0
2541,benign,B_0
2542,benign,B_0
2543,malicious,M_1
2544,malicious,M_1
2545,malicious,M_0
2546,benign,B_0
2547,benign,B_1
2548,benign,B_2
2549,benign,B_0
2550,benign,B_1
2551,benign,B_0
2552,benign,B_0
2553,malicious,M_0
2554,benign,B_0
2555,benign,B_0
2556,benign,B_0
2557,benign,B_2
2558,benign,B_0
2559,benign,B_0
2560,benign,B_0
2561,benign,B_0
2562,benign,B_0
2563,benign,B_0
2564,benign,B_2
2565,benign,B_0
2566,benign,B_0
2567,benign,B_0
2568,benign,B_0
2569,benign,B_1
2570,benign,B_0
2571,benign,B_0
2572,benign,B_2
2573,benign,B_0
2574,benign,B_0
2575,malicious,M_0
2576,benign,B_0
2577,benign,B_0
2578,benign,B_0
2579,benign,B_1
2580,benign,B_0
2581,benign,B_0
2582,benign,B_0
2583,benign,B_0
2584,malicious,M_5
2585,benign,B_0
2586,benign,B_0
2587,benign,B_0
2588,benign,B_0
2589,benign,B_0
2590,benign,B_0
2591,benign,B_0
2592,benign,B_0
2593,benign,B_0
2594,benign,B_0
2595,benign,B_0
2596,benign,B_0
2597,benign,B_0
2598,benign,B_0
2599,benign,B_1
2600,benign,B_0
2601,benign,B_0
2602,benign,B_0
2603,benign,B_0
2604,benign,B_0
2605,benign,B_0
2606,malicious,M_0
2607,benign,B_0
2608,benign,B_0
2609,benign,B_0
2610,benign,B_0
2611,benign,B_1
2612,malicious,M_0
2613,benign,B_0
2614,benign,B_0
2615,benign,B_2
2616,benign,B_0
2617,benign,B_0
2618,benign,B_2
2619,benign,B_0
2620,benign,B_0
2621,benign,B_0
2622,benign,B_0
2623,benign,B_1
2624,benign,B_0
2625,benign,B_0
2626,benign,B_1
2627,benign,B_0
2628,benign,B_0
2629,benign,B_0
2630,malicious,M_0
2631,malicious,M_0
2632,benign,B_1
2633,malicious,M_0
2634,benign,B_0
2635,benign,B_0
2636,benign,B_0
2637,benign,B_0
2638,benign,B_1
2639,benign,B_0
2640,benign,B_0
2641,benign,B_0
2642,benign,B_0
2643,malicious,M_7
2644,benign,B_0
2645,benign,B_0
2646,benign,B_0
2647,benign,B_0
2648,benign,B_0
2649,benign,B_0
2650,benign,B_0
2651,benign,B_0
2652,benign,B_0
2653,benign,B_0
2654,benign,B_0
2655,benign,B_1
2656,benign,B_0
2657,benign,B_0
2658,benign,B_1
2659,malicious,M_0
2660,benign,B_0
2661,benign,B_0
2662,benign,B_0
2663,benign,B_0
2664,benign,B_0
2665,benign,B_1
2666,benign,B_0
2667,benign,B_0
2668,benign,B_0
2669,benign,B_0
2670,benign,B_0
2671,benign,B_0
2672,benign,B_0
2673,benign,B_0
2674,benign,B_0
2675,benign,B_0
2676,malicious,M_0
2677,malicious,M_0
2678,malicious,M_0
2679,malicious,M_0
2680,benign,B_0
2681,benign,B_0
2682,benign,B_1
2683,malicious,M_0
2684,malicious,M_0
2685,benign,B_0
2686,benign,B_0
2687,malicious,M_0
2688,benign,B_0
2689,benign,B_2
2690,benign,B_0
2691,malicious,M_0
2692,benign,B_0
2693,benign,B_0
2694,benign,B_0
2695,benign,B_0
2696,malicious,M_0
2697,benign,B_0
2698,benign,B_0
2699,benign,B_0
2700,benign,B_0
2701,benign,B_0
2702,benign,B_0
2703,malicious,M_0
2704,benign,B_0
2705,benign,B_0
2706,benign,B_0
2707,benign,B_0
2708,benign,B_0
2709,benign,B_2
2710,benign,B_0
2711,malicious,M_1
2712,benign,B_0
2713,benign,B_0
2714,malicious,M_0
2715,benign,B_0
2716,benign,B_1
2717,benign,B_2
2718,malicious,M_3
2719,malicious,M_0
2720,benign,B_1
2721,malicious,M_4
2722,benign,B_0
2723,benign,B_0
2724,benign,B_0
2725,benign,B_0
2726,malicious,M_0
2727,benign,B_0
2728,benign,B_0
2729,benign,B_0
2730,benign,B_0
2731,benign,B_0
2732,benign,B_0
2733,benign,B_0
2734,benign,B_0
2735,benign,B_0
2736,benign,B_0
2737,benign,B_0
2738,benign,B_0
2739,benign,B_0
2740,benign,B_0
2741,benign,B_0
2742,benign,B_0
2743,malicious,M_0
2744,benign,B_0
2745,benign,B_0
2746,benign,B_0
2747,benign,B_0
2748,benign,B_0
2749,benign,B_0
2750,benign,B_0
2751,benign,B_1
2752,benign,B_0
2753,benign,B_1
2754,benign,B_2
2755,malicious,M_6
2756,benign,B_0
2757,benign,B_0
2758,benign,B_0
2759,benign,B_0
2760,benign,B_0
2761,malicious,M_0
2762,benign,B_0
2763,benign,B_1
2764,benign,B_0
2765,benign,B_0
2766,malicious,M_0
2767,benign,B_0
2768,benign,B_0
2769,benign,B_0
2770,malicious,M_0
2771,malicious,M_0
2772,malicious,M_0
2773,benign,B_2
2774,benign,B_0
2775,benign,B_1
2776,benign,B_0
2777,benign,B_0
2778,benign,B_0
2779,benign,B_1
2780,benign,B_0
2781,benign,B_0
2782,benign,B_0
2783,benign,B_0
2784,benign,B_0
2785,malicious,M_0
2786,benign,B_0
2787,benign,B_0
2788,benign,B_2
2789,malicious,M_0
2790,benign,B_0
2791,benign,B_0
2792,benign,B_0
2793,benign,B_0
2794,malicious,M_0
2795,benign,B_2
2796,benign,B_0
2797,benign,B_0
2798,benign,B_0
2799,benign,B_0
2800,benign,B_0
2801,malicious,M_0
2802,benign,B_0
2803,benign,B_1
2804,benign,B_0
2805,malicious,M_0
2806,benign,B_0
2807,malicious,M_4
2808,benign,B_0
2809,malicious,M_0
2810,benign,B_0
2811,benign,B_0
2812,malicious,M_0
2813,benign,B_0
2814,benign,B_1
2815,benign,B_0
2816,malicious,M_0
2817,benign,B_1
2818,benign,B_0
2819,benign,B_0
2820,benign,B_0
2821,malicious,M_0
2822,benign,B_0
2823,benign,B_0
2824,benign,B_0
2825,benign,B_0
2826,benign,B_0
2827,benign,B_0
2828,benign,B_0
2829,benign,B_0
2830,benign,B_0
2831,benign,B_0
2832,benign,B_0
2833,benign,B_0
2834,benign,B_1
2835,benign,B_0
2836,benign,B_0
2837,benign,B_0
2838,benign,B_1
2839,benign,B_0
2840,benign,B_0
2841,benign,B_0
2842,malicious,M_0
2843,benign,B_1
2844,malicious,M_0
2845,malicious,M_0
2846,benign,B_0
2847,benign,B_0
2848,benign,B_1
2849,benign,B_0
2850,benign,B_0
2851,malicious,M_0
2852,benign,B_0
2853,benign,B_0
2854,benign,B_0
2855,benign,B_0
2856,benign,B_0
2857,benign,B_0
2858,malicious,M_0
2859,benign,B_0
2860,benign,B_0
2861,benign,B_0
2862,benign,B_1
2863,benign,B_0
2864,benign,B_0
2865,malicious,M_0
2866,malicious,M_0
2867,malicious,M_0
2868,benign,B_0
2869,benign,B_0
2870,benign,B_0
2871,benign,B_0
2872,benign,B_0
2873,benign,B_0
2874,benign,B_0
2875,benign,B_0
2876,benign,B_0
2877,benign,B_0
2878,malicious,M_0
2879,benign,B_0
2880,benign,B_0
2881,benign,B_0
2882,benign,B_0
2883,malicious,M_0
2884,benign,B_0
2885,malicious,M_2
2886,malicious,M_1
2887,benign,B_0
2888,malicious,M_1
2889,benign,B_0
2890,benign,B_0
2891,benign,B_1
2892,malicious,M_0
